person_id,n_samples,tag_micro_f1,rouge_l_f1_mean,conflict_rate
A321,41,0.3508771929824562,0.10835226734136473,0.0
G998,3,0.5454545454545454,0.09170591313448455,0.0
P714,20,0.32,0.10695396438002021,0.0
T417,20,0.35616438356164387,0.1276968448097221,0.0
T456,6,0.5925925925925926,0.07391918461331698,0.0
