{
  "accuracy": 0.2727272727272727,
  "macro_f1": 0.26416735028712063,
  "per_class_recall": [
    0.75,
    0.2727272727272727,
    0.13953488372093023
  ],
  "confusion_matrix": [
    [
      9,
      3,
      0
    ],
    [
      36,
      15,
      4
    ],
    [
      18,
      19,
      6
    ]
  ],
  "modality_gate_mean": [
    0.39283454418182373,
    0.6071653962135315
  ]
}