{
  "accuracy": 0.5181818181818182,
  "macro_f1": 0.3675645342312009,
  "per_class_recall": [
    0.0,
    0.5272727272727272,
    0.6511627906976745
  ],
  "confusion_matrix": [
    [
      0,
      9,
      3
    ],
    [
      1,
      29,
      25
    ],
    [
      0,
      15,
      28
    ]
  ],
  "modality_gate_mean": [
    0.13232135772705078,
    0.8676786422729492
  ]
}